{"main":"super-biodata-sapi.raml","name":"Super BioData SAPI","groupId":"bcbc226b-4441-47d6-a59d-1939d9796bb5","assetId":"super-biodata-sapi","version":"1.0.0","classifier":"raml","tags":[],"dependencies":[{"groupId":"org.mule.examples","assetId":"basic-auth-securityscheme","version":"1.0.0"}],"descriptorVersion":"1.0.0","organizationId":"bcbc226b-4441-47d6-a59d-1939d9796bb5","apiVersion":"1.0","originalFormatVersion":"1.0","metadata":{"projectId":"f3fb0cff-8632-4821-9d53-917d8b7a6732","branchId":"master","commitId":"47d84f4f5a8d130d92f3117beba132a4955b23a0"}}